FormationYear,Method,PortfolioNum,Portfolio,n_firms,total_marketcap,avg_theta_obs,avg_theta_post_mean,avg_p_q5,avg_p_median,avg_sigma_acc
2010,Method1_Raw,1,Q1,63,501070.10000000003,-0.5379163118699314,-0.7892663552429787,0.010950276977259093,0.04566697179259119,0.12733541184882907
2010,Method1_Raw,2,Q2,62,477072.39,0.03459740512129471,0.008504308243215608,0.07607987479876364,0.25676903496715775,0.12069412132659141
2010,Method1_Raw,3,Q3,62,988980.02,0.14222386428949813,0.13497729624383284,0.1302714096530415,0.4806721448600215,0.09444297901280403
2010,Method1_Raw,4,Q4,62,689406.95,0.26763504026353463,0.23216677662831503,0.23989249308411062,0.7267409746816303,0.08335647603683714
2010,Method1_Raw,5,Q5,63,2103071.69,0.6704510193622414,0.4949754202235457,0.6553249619887409,0.8545192462184745,0.11038262009678475
2010,Method2_PostMean,1,Q1,63,474413.31,-0.5358321254910589,-0.7914383942850373,0.017332407943821317,0.05600357478335897,0.13725773726916649
2010,Method2_PostMean,2,Q2,62,498491.76,0.03258394213344723,0.010637312353261609,0.07412252643591785,0.2500248620085243,0.12150269219843789
2010,Method2_PostMean,3,Q3,62,832438.37,0.15771606216511935,0.1314100063831891,0.15644645650533623,0.4630401704772002,0.12264123838291972
2010,Method2_PostMean,4,Q4,62,620234.85,0.27794789741051434,0.21831002619010043,0.21502856095450676,0.6787145037881758,0.08706581563011878
2010,Method2_PostMean,5,Q5,63,2334022.86,0.6449528852666273,0.5121957805942766,0.6495788069855057,0.9154360135541254,0.06826342912430267
2010,Method3_ProbQ5,1,Q1,63,794209.67,-0.4755745858812102,-0.6850333330052952,0.00088811635747692,0.07892062332749065,0.08112398586895331
2010,Method3_ProbQ5,2,Q2,62,897109.35,0.04167107098756569,-0.0002446192632947504,0.02901809785413348,0.3572164917004315,0.07194864840370514
2010,Method3_ProbQ5,3,Q3,62,361524.54,0.10716382530210547,0.07746425648298894,0.1384373343583101,0.4644649442604488,0.11710796762636128
2010,Method3_ProbQ5,4,Q4,62,427020.43,0.24441348611776106,0.17838310175363056,0.28197743934319447,0.5739372311906163,0.18668384396924453
2010,Method3_ProbQ5,5,Q5,63,2279737.16,0.6585043963980838,0.5088825537446939,0.6622486491287964,0.8887407727177559,0.08057330346347229
2010,Method4_ProbMedian,1,Q1,63,683775.51,-0.532217774255598,-0.773266185867839,0.004220271567047276,0.032666828210722816,0.1087029709872796
2010,Method4_ProbMedian,2,Q2,62,294913.16,0.03140517309575369,-0.00293700827876134,0.059781801409673686,0.26008277654052586,0.10932207537839048
2010,Method4_ProbMedian,3,Q3,62,463322.92,0.16298736635292713,0.12681963349909284,0.19607604340304138,0.47481555576089335,0.17276884235843928
2010,Method4_ProbMedian,4,Q4,62,1227518.92,0.30653756602524984,0.2307570732102948,0.26150621376695693,0.6547522108585535,0.09194408152090496
2010,Method4_ProbMedian,5,Q5,63,2090070.64,0.6091750954054413,0.4996504623794171,0.5920635797050975,0.9408679596991983,0.05467270828130039
2011,Method1_Raw,1,Q1,65,535274.47,-0.6651320626156536,-1.0664603161182205,0.05003089559769034,0.10426932580152007,0.1330432096558416
2011,Method1_Raw,2,Q2,64,380291.48,0.05819580131910903,0.04005772496989005,0.16050317046806287,0.33462752162978304,0.10833475441283681
2011,Method1_Raw,3,Q3,65,646445.24,0.16369084887467747,0.15514730168064705,0.21665788626590443,0.5050483951920892,0.07858145709836957
2011,Method1_Raw,4,Q4,64,1497818.03,0.2784963967247076,0.24606360000589622,0.33623681182037823,0.6613933691247474,0.08101885322235174
2011,Method1_Raw,5,Q5,65,2678959.44,0.7730820381510342,0.5966006009937647,0.6404982483764953,0.7967584089116491,0.11811930141632689
2011,Method2_PostMean,1,Q1,65,488034.96,-0.662085288693289,-1.0686787802787467,0.06511966602724124,0.12204619110513788,0.15408759159803911
2011,Method2_PostMean,2,Q2,64,427530.99,0.05510142155420752,0.04231085263292443,0.14517863800055023,0.3165728928057962,0.08696155400279246
2011,Method2_PostMean,3,Q3,65,653183.6,0.19856993807451484,0.1485984932403505,0.2661330771145115,0.48245988900560877,0.1394435621696184
2011,Method2_PostMean,4,Q4,64,1245536.28,0.26612063498875055,0.23422514695641647,0.2858980478526028,0.636316203687378,0.06504168054002644
2011,Method2_PostMean,5,Q5,65,2924502.83,0.7503883143527545,0.614805732436626,0.6405873789730825,0.8440382779903087,0.07298856637075217
2011,Method3_ProbQ5,1,Q1,65,540392.33,-0.6028466402290631,-0.9653347019234944,0.0142852168309835,0.1266126756644232,0.08110885373832888
2011,Method3_ProbQ5,2,Q2,64,551539.74,0.047363348105668515,0.007236099150599952,0.1212735756542464,0.378586952546647,0.08347644981484552
2011,Method3_ProbQ5,3,Q3,65,599028.82,0.13278116603189077,0.11105296127724587,0.261759088796992,0.4972041720150689,0.12329051414775226
2011,Method3_ProbQ5,4,Q4,64,1157656.6,0.27340814204694563,0.20627780422883527,0.3612055029244671,0.5783340792953537,0.14968911434701307
2011,Method3_ProbQ5,5,Q5,65,2890171.17,0.7573820725308759,0.6110597115434623,0.6451842298032309,0.820757604847334,0.08220667385819717
2011,Method4_ProbMedian,1,Q1,65,522508.86000000004,-0.6507987618552484,-1.0384931064268528,0.026578474836004923,0.08388800393534221,0.10893154766871134
2011,Method4_ProbMedian,2,Q2,64,532942.09,0.04680541030499374,0.016126192550047182,0.1571323616455509,0.3512538913791228,0.11971766616274197
2011,Method4_ProbMedian,3,Q3,65,314438.95,0.19829229347415764,0.14448026432971994,0.2994774183238134,0.4855528581070269,0.1558310712880154
2011,Method4_ProbMedian,4,Q4,64,1546253.76,0.3098891990569702,0.24657532443553432,0.322285538711838,0.6116857006477441,0.08011448607500422
2011,Method4_ProbMedian,5,Q5,65,2822645.0,0.7044526108778961,0.6023599319052181,0.5981867254431538,0.8692076235332041,0.05466401298975455
2012,Method1_Raw,1,Q1,68,555169.86,-0.5854224991858419,-0.8451928833700086,0.010642643914417676,0.03699498785576673,0.11682458900584494
2012,Method1_Raw,2,Q2,67,678040.76,0.05342148372392234,0.042324267402034925,0.06818003956690115,0.22637863167915,0.09378140517600216
2012,Method1_Raw,3,Q3,67,390199.69,0.16338115279749116,0.14957767993905996,0.13155660398221253,0.4756560648549697,0.07978367266899518
2012,Method1_Raw,4,Q4,67,509730.08,0.2772685364469602,0.23848844101441316,0.26624875834444195,0.7027166694290803,0.08475914147139285
2012,Method1_Raw,5,Q5,68,2684795.22,0.5866131410508617,0.4426654716913166,0.6675201871527666,0.8592997843147365,0.10084848981260869
2012,Method2_PostMean,1,Q1,68,554625.06,-0.5849583566802041,-0.8460773041695846,0.013883419809809214,0.04254707582792733,0.12071704496412525
2012,Method2_PostMean,2,Q2,67,676269.0,0.054880222812082144,0.04310589684118307,0.06955223405392123,0.22237709473259595,0.10148062037386262
2012,Method2_PostMean,3,Q3,67,238830.55,0.18318715053104004,0.1412539788667204,0.1523109395224677,0.45532341851831815,0.11542857917951564
2012,Method2_PostMean,4,Q4,67,901601.6,0.2743171411139797,0.23371251324100176,0.2430796837894754,0.6757693268568039,0.07011621381275272
2012,Method2_PostMean,5,Q5,68,2446609.4,0.5681049709019181,0.45568674484739824,0.6653066242478944,0.9042750821119476,0.06867691618767205
2012,Method3_ProbQ5,1,Q1,68,615274.84,-0.5422732353861841,-0.7785935869375945,0.0002809708271729466,0.0363937858266096,0.08203817920687503
2012,Method3_ProbQ5,2,Q2,67,559223.89,0.05309299140198435,0.026872446517597327,0.03077201000288402,0.2989036140844859,0.07017513042512087
2012,Method3_ProbQ5,3,Q3,67,526166.76,0.14404776214066797,0.1281654271360585,0.1475824896963797,0.49916947815266643,0.09835488836178173
2012,Method3_ProbQ5,4,Q4,67,394352.05,0.2660123242278182,0.1955786737457073,0.2918867045590576,0.5774984730498042,0.15252584338658787
2012,Method3_ProbQ5,5,Q5,68,2722918.07,0.5739272945785496,0.454666871495104,0.6736886432041392,0.88865167230431,0.07382578091414158
2012,Method4_ProbMedian,1,Q1,68,603619.03,-0.5681812268653105,-0.8147326815680813,0.0015942912831880844,0.017630702607467727,0.0917701028890956
2012,Method4_ProbMedian,2,Q2,67,634409.4,0.0384829723287767,0.014725993632611616,0.05760732302908902,0.23895345159940956,0.09699552745816464
2012,Method4_ProbMedian,3,Q3,67,235319.22,0.18920864067698265,0.13831040443858122,0.19105342771347741,0.4621211085404383,0.15565435040298203
2012,Method4_ProbMedian,4,Q4,67,1107076.5,0.3096587549675441,0.2429355987632895,0.27967032334212844,0.6513650547299039,0.07954071619458061
2012,Method4_ProbMedian,5,Q5,68,2237511.46,0.5267291324754728,0.4461175085939293,0.6151397157133148,0.930206530199227,0.05312287140677589
2013,Method1_Raw,1,Q1,71,352310.49,-0.6098100105073614,-0.8749012575023949,0.01672549492304682,0.05578112104038455,0.11664959665454763
2013,Method1_Raw,2,Q2,70,622446.8200000001,0.02938019936175508,0.018354918554502574,0.07765128127528108,0.28364698337751404,0.08079012067367827
2013,Method1_Raw,3,Q3,70,413042.69,0.1236315916905404,0.11255064519722342,0.132536550264687,0.48569078881967553,0.08438226667650599
2013,Method1_Raw,4,Q4,70,607721.02,0.23682295295883143,0.20373992448736242,0.27206870911521375,0.7063841865829041,0.07874566918892986
2013,Method1_Raw,5,Q5,70,3099639.09,0.5837856338416234,0.43244988869307627,0.6706397596250209,0.8645761104563554,0.09031890599764511
2013,Method2_PostMean,1,Q1,71,335924.33999999997,-0.6092256339732233,-0.8759722938310897,0.022226508889350644,0.062060080324823144,0.12454498535555736
2013,Method2_PostMean,2,Q2,70,635566.36,0.028965105668315713,0.019329040246714883,0.0836038946099644,0.28249970584680106,0.08691321009864593
2013,Method2_PostMean,3,Q3,70,387840.55,0.1310823088423242,0.10809134351196999,0.14690721208917804,0.4643846170915158,0.0983965599845346
2013,Method2_PostMean,4,Q4,70,554121.36,0.24162630520252992,0.19778456139880277,0.2443540597964006,0.6811305265684421,0.07316736535482164
2013,Method2_PostMean,5,Q5,70,3181707.5,0.5713539333692403,0.44297676862235313,0.6724515339045516,0.9059145610269025,0.06775164713059005
2013,Method3_ProbQ5,1,Q1,71,452957.41,-0.5457422220600142,-0.7830356639824003,0.00124444307313441,0.10556048078235204,0.08108576018888877
2013,Method3_ProbQ5,2,Q2,70,649231.18,0.012907110321026509,-0.016066683441343262,0.0404036651009092,0.31800465487428625,0.06728665368766183
2013,Method3_ProbQ5,3,Q3,70,361300.33,0.0974017019469232,0.08152540582127439,0.14934113401048352,0.48342156793618624,0.08908030597778357
2013,Method3_ProbQ5,4,Q4,70,477788.28,0.22257598105135976,0.16612372972164868,0.30234086057266957,0.593875175741718,0.14241351459866114
2013,Method3_ProbQ5,5,Q5,70,3153882.91,0.5757525419654173,0.44233496568887604,0.676512850329623,0.8945061772316917,0.0715283795449638
2013,Method4_ProbMedian,1,Q1,71,367283.6,-0.6009495681898126,-0.8587656313312789,0.005866844136013495,0.03986513104677177,0.10194678900396482
2013,Method4_ProbMedian,2,Q2,70,601037.64,0.021958995830038592,0.0036794623636976324,0.07593580827057615,0.2956009542452539,0.08815775288240832
2013,Method4_ProbMedian,3,Q3,70,385046.49,0.14235823027618424,0.10695149436043146,0.18846237506564814,0.47177940347350195,0.13140247804431454
2013,Method4_ProbMedian,4,Q4,70,1017491.71,0.28881098696796575,0.21495214823563707,0.2914141633169918,0.656241081077883,0.08095349464111819
2013,Method4_ProbMedian,5,Q5,70,2724300.67,0.5115051447136194,0.42514613685598074,0.6080977279966918,0.9328199917190461,0.04863608472879501
2014,Method1_Raw,1,Q1,73,508802.48,-0.6037054897863346,-0.8537131702410726,0.046203060830805866,0.10118589448327411,0.10900586726899414
2014,Method1_Raw,2,Q2,73,800534.79,0.030599499551798096,0.021076569887328162,0.15716246681545495,0.3516368548449475,0.08215554487839993
2014,Method1_Raw,3,Q3,72,723633.01,0.10987678213967485,0.09524819589517938,0.21683116820084783,0.48147440551028237,0.07996982276942496
2014,Method1_Raw,4,Q4,73,992062.14,0.2015388158758419,0.16570358739267269,0.33525557660141736,0.6353227268915075,0.07162682758398736
2014,Method1_Raw,5,Q5,73,3658580.38,0.5194507036676831,0.39356673369300255,0.593709752012757,0.7732981882576132,0.09268049709779808
2014,Method2_PostMean,1,Q1,73,495111.31999999995,-0.6035354144211482,-0.8543517765110289,0.04895989542129614,0.10339420076155065,0.11196905261353028
2014,Method2_PostMean,2,Q2,73,807003.35,0.033400703667820324,0.021048264620187305,0.16743962374811866,0.3530926581240366,0.10664990327891706
2014,Method2_PostMean,3,Q3,72,572979.09,0.13210533117707976,0.08891308347959095,0.22500218282530518,0.4652599944718953,0.09461805846687556
2014,Method2_PostMean,4,Q4,73,796957.08,0.20183745852090137,0.15753122165942504,0.3184398345077257,0.5975995951614199,0.06705334953098567
2014,Method2_PostMean,5,Q5,73,4011561.96,0.49425673317575525,0.40865434101707837,0.5894324196660218,0.8233495062490183,0.05534885647127471
2014,Method3_ProbQ5,1,Q1,73,798344.49,-0.5427669826234572,-0.7568992861586629,0.018384186648741765,0.13687270755470482,0.06090047749424395
2014,Method3_ProbQ5,2,Q2,73,676933.23,-0.000550339838993864,-0.04018877593934805,0.12115818488184674,0.35527609511426994,0.08283047885649322
2014,Method3_ProbQ5,3,Q3,72,624217.34,0.09886131721068227,0.08376841781747812,0.26035412294982185,0.4976688743673401,0.07884031050319446
2014,Method3_ProbQ5,4,Q4,73,545839.55,0.19850634055915398,0.1297440625209203,0.3517550089652408,0.5555887099033591,0.14861760595773046
2014,Method3_ProbQ5,5,Q5,73,4038278.19,0.5035590793614289,0.40530024115278146,0.5981067258752069,0.7977335250870886,0.06423421401617212
2014,Method4_ProbMedian,1,Q1,73,569197.44,-0.5950386320149176,-0.838921017360954,0.034206249632443626,0.09386558103236202,0.09996842880322204
2014,Method4_ProbMedian,2,Q2,73,715689.19,0.024286272314309614,0.009603918964356072,0.13489129737165487,0.35170509221168134,0.07027255232590669
2014,Method4_ProbMedian,3,Q3,72,583702.01,0.13419378464363563,0.08511016258259622,0.28030723454136824,0.47619616468386433,0.14563821403361907
2014,Method4_ProbMedian,4,Q4,73,983391.66,0.22908538865857478,0.16349477046542427,0.3370578513521391,0.5825969075042559,0.07572216449180326
2014,Method4_ProbMedian,5,Q5,73,3831632.5,0.46556660747040274,0.40245520480702207,0.5635689267190268,0.8384820198866061,0.04473676694767252
2015,Method1_Raw,1,Q1,76,553020.0700000001,-0.4414294917949007,-0.7380097532085736,0.06835753914920129,0.13522474438052803,0.10706998657651441
2015,Method1_Raw,2,Q2,75,901909.98,0.04683164460718494,0.013686635168430467,0.18248506006992854,0.3593691764149089,0.06657719105732164
2015,Method1_Raw,3,Q3,75,779556.92,0.1294123081500634,0.12246942554705159,0.22874248100891886,0.4996523037393654,0.0562959068933606
2015,Method1_Raw,4,Q4,75,1467389.55,0.23475884777654235,0.20902257296259188,0.3732879934247615,0.6337270708782374,0.08173326093354304
2015,Method1_Raw,5,Q5,75,4262319.05,0.8007806632932807,0.46030054637633705,0.5949595088593792,0.758603674677509,0.08160089118884335
2015,Method2_PostMean,1,Q1,76,538145.86,-0.43923622455667494,-0.7413984977109334,0.08066804796526704,0.14630745307794846,0.11652812110364126
2015,Method2_PostMean,2,Q2,75,916800.93,0.045113202631026285,0.016206540093254992,0.17641104156537088,0.34931844507477866,0.0670064475061269
2015,Method2_PostMean,3,Q3,75,670423.36,0.1336690898838126,0.1225273299086092,0.23571999127335208,0.49306940335435523,0.07808641687255967
2015,Method2_PostMean,4,Q4,75,1170202.19,0.2595803352319956,0.20074516800113182,0.36155169129210596,0.6089512917657284,0.08001848480041944
2015,Method2_PostMean,5,Q5,75,4668623.23,0.7711983252788348,0.46943406981380614,0.5933176702985459,0.7887826073684391,0.051511657906474065
2015,Method3_ProbQ5,1,Q1,76,1140778.23,-0.39248069115268136,-0.6531791399036319,0.03359042381279116,0.18414286563764226,0.07847875204664358
2015,Method3_ProbQ5,2,Q2,75,653167.12,0.033129984280631325,-0.011501650804229635,0.15408215705218342,0.3700068008152781,0.05560952345867814
2015,Method3_ProbQ5,3,Q3,75,785219.68,0.10572486325052581,0.0759351637742036,0.27099461807161396,0.48041763096428375,0.07425210386313426
2015,Method3_ProbQ5,4,Q4,75,806782.99,0.23298271355677266,0.18780331633193378,0.39204401384051213,0.5794085991244534,0.12351840411392433
2015,Method3_ProbQ5,5,Q5,75,4578247.55,0.7903444514216926,0.4672806626034955,0.5975849312729076,0.7719488319321299,0.06179966962760102
2015,Method4_ProbMedian,1,Q1,76,945318.63,-0.4373591920117042,-0.7263401510621682,0.05383020544421613,0.12941943591940516,0.10021003156915151
2015,Method4_ProbMedian,2,Q2,75,504886.49,0.04322413564304267,0.003902002649807983,0.1849222225355252,0.3638097284215019,0.06960400340344236
2015,Method4_ProbMedian,3,Q3,75,708350.42,0.15129537900531279,0.1223723448997352,0.28716221498284006,0.49048249338468775,0.11235713967327911
2015,Method4_ProbMedian,4,Q4,75,1216851.2,0.2736890347634443,0.20623314218886735,0.36256918652772535,0.5912799535808866,0.07166355406306175
2015,Method4_ProbMedian,5,Q5,75,4588788.83,0.7394503439682991,0.4611464934743097,0.5595424508046158,0.8116627628968826,0.03953397400741315
2016,Method1_Raw,1,Q1,80,516983.07999999996,-0.7528967959482932,-1.1705471164179484,0.08293587659392591,0.14709592039531766,0.12377364276038567
2016,Method1_Raw,2,Q2,80,940603.18,0.039495386245172334,0.028939258872883917,0.2124380100152338,0.3774583414716569,0.07556290650081819
2016,Method1_Raw,3,Q3,79,1278122.0,0.12125826767882687,0.09667271890035103,0.26395945711820834,0.47637506582001604,0.050503704142141885
2016,Method1_Raw,4,Q4,80,1676247.8,0.21267518247776224,0.1575618355347633,0.3399094035529807,0.588606411147549,0.06660137351311103
2016,Method1_Raw,5,Q5,80,5199714.22,0.5809036075680785,0.3657557387583206,0.562767829324595,0.721786770211805,0.06422439152952714
2016,Method2_PostMean,1,Q1,80,518940.55999999994,-0.7527390732087249,-1.1707759885223645,0.08436703160022194,0.14796029249343465,0.12490375713336543
2016,Method2_PostMean,2,Q2,80,885062.24,0.05575412232985083,0.026609612006916184,0.23664763173338693,0.3831622730782423,0.10824292823318442
2016,Method2_PostMean,3,Q3,79,1098597.97,0.13479384460871444,0.08811603397508352,0.2716261523452248,0.4590330411745033,0.05991597068199883
2016,Method2_PostMean,4,Q4,80,2067901.07,0.2141545821698561,0.14901319270105656,0.3094657808819702,0.5504537091373943,0.04759727245708487
2016,Method2_PostMean,5,Q5,80,5041168.4399999995,0.5496413668334739,0.3853126269261128,0.5599998137344776,0.7704964178547011,0.040123743272098576
2016,Method3_ProbQ5,1,Q1,80,598004.4199999999,-0.7161123097536848,-1.1122345921506185,0.045066752817405645,0.15835150578899132,0.0865813803336195
2016,Method3_ProbQ5,2,Q2,80,1135103.0,0.040179612578247356,0.013528464388668246,0.1925706521478395,0.4160999446745438,0.05811013109887114
2016,Method3_ProbQ5,3,Q3,79,1184902.8699999999,0.10681103583303779,0.08390230818357113,0.29947307683061936,0.47450323022686747,0.06680197003528804
2016,Method3_ProbQ5,4,Q4,80,1273330.14,0.20205774724798972,0.11165851942005148,0.3568963001197933,0.5161854496532887,0.12202394948582643
2016,Method3_ProbQ5,5,Q5,80,5420329.85,0.5683189717178843,0.38136810567273827,0.5684477149356911,0.746158980757739,0.04735231581604312
2016,Method4_ProbMedian,1,Q1,80,555213.85,-0.7449085303835374,-1.154972371944045,0.056159229788266096,0.13206699687152185,0.1045658367796595
2016,Method4_ProbMedian,2,Q2,80,1019901.41,0.03411423246447982,0.017589984356038247,0.2199882875793441,0.3913788808227587,0.07536815202264377
2016,Method4_ProbMedian,3,Q3,79,931946.89,0.1437837940309308,0.08129448034647455,0.31317213822377704,0.46673314549816364,0.11180242570953852
2016,Method4_ProbMedian,4,Q4,80,2247535.76,0.23691813147373258,0.15278463783040055,0.3344495270558449,0.5414199814666195,0.05418649372081698
2016,Method4_ProbMedian,5,Q5,80,4857072.37,0.5318095895153424,0.3814934770775787,0.5388565524715313,0.7796029803832578,0.03550934423291763
2017,Method1_Raw,1,Q1,86,572359.63,-0.5023898234385419,-0.7650467643131597,0.031755173539395026,0.0831593488796161,0.11138414175629781
2017,Method1_Raw,2,Q2,86,1709469.25,0.035030426106331745,0.009845731219342081,0.09577422882426984,0.2666340860899204,0.06487382963516622
2017,Method1_Raw,3,Q3,85,967815.52,0.13520552677196437,0.12961417172412737,0.16705062076910202,0.4938395270536861,0.05775663849391683
2017,Method1_Raw,4,Q4,86,2307900.4499999997,0.24131355010777517,0.214709489276487,0.3091098738723836,0.6777517775103306,0.051569482123933204
2017,Method1_Raw,5,Q5,86,3885920.5500000003,0.7000145344995974,0.443000530416756,0.6245417787669147,0.8249634163117914,0.06965008649763696
2017,Method2_PostMean,1,Q1,86,613600.53,-0.5007743147293684,-0.767971572945967,0.041266309763669816,0.09516292690875013,0.12010253140160126
2017,Method2_PostMean,2,Q2,86,1672840.21,0.03345435793950033,0.012510078966381675,0.08968080734519167,0.2564533170584282,0.05922769343887574
2017,Method2_PostMean,3,Q3,85,1011285.87,0.1450928288211575,0.127304194962849,0.1872998732721049,0.4782380595918317,0.0726242608145217
2017,Method2_PostMean,4,Q4,86,1943301.18,0.25144722213517334,0.20484593596020784,0.29104523945264477,0.6429291482421101,0.05588828659508405
2017,Method2_PostMean,5,Q5,86,4202437.61,0.680069088509143,0.45540766118518256,0.6191749023629075,0.8733832916318773,0.04756428558617763
2017,Method3_ProbQ5,1,Q1,86,937113.4,-0.4305737052562151,-0.6359764296670513,0.005417779577194626,0.1269686905990347,0.05618397929240361
2017,Method3_ProbQ5,2,Q2,86,1505706.98,0.008427216313236233,-0.052247587937553346,0.06933234590457635,0.30750896018793167,0.07375201842105476
2017,Method3_ProbQ5,3,Q3,85,1068792.3900000001,0.10595751343854967,0.08046625141856113,0.19410738551632764,0.4677450328794093,0.07810409829284214
2017,Method3_ProbQ5,4,Q4,86,1927091.81,0.23236375936623546,0.18744671068065996,0.330725654861528,0.5941540776797924,0.09103486152193543
2017,Method3_ProbQ5,5,Q5,86,4004760.8200000003,0.692659337007025,0.45186272638352265,0.6289631234560109,0.8496679701483127,0.05639581934847003
2017,Method4_ProbMedian,1,Q1,86,657336.72,-0.4910130101183613,-0.7367365337770991,0.016406691265309668,0.06683494640880265,0.08918380702788205
2017,Method4_ProbMedian,2,Q2,86,1767855.93,0.02549852300866574,-0.015075371869460409,0.09729034365923898,0.28041128081539457,0.08188070041035342
2017,Method4_ProbMedian,3,Q3,85,844090.11,0.15134503043683545,0.12473233740753284,0.22115342094480223,0.4811454770109157,0.08691027268341217
2017,Method4_ProbMedian,4,Q4,86,2182172.83,0.28903177968287863,0.21685829866614398,0.3231496753760174,0.6312329253863603,0.05954015869999543
2017,Method4_ProbMedian,5,Q5,86,3992009.81,0.6344995596843742,0.4422876623811262,0.5708606468543213,0.8865759209908158,0.038058235431697424
2018,Method1_Raw,1,Q1,89,672322.0399999999,-0.5823484317702909,-0.8762513116674284,0.016828845761269265,0.05722711862698997,0.11803448143465475
2018,Method1_Raw,2,Q2,88,645805.4,0.030709597700627266,0.01994522564948527,0.08706773806044839,0.2862207524441373,0.07627423005408368
2018,Method1_Raw,3,Q3,89,2006446.56,0.11448196619874124,0.09879067998322251,0.11064434928285075,0.47061493814847777,0.047417092350554524
2018,Method1_Raw,4,Q4,88,2214958.67,0.22062609399658092,0.18508830309998706,0.2288408637570499,0.7422127544583148,0.04324712461157382
2018,Method1_Raw,5,Q5,89,5621641.52,0.47170566771881306,0.32827661917646284,0.580155788717439,0.8284633807509543,0.06298632634472837
2018,Method2_PostMean,1,Q1,89,677400.3099999999,-0.5820837823723501,-0.8765439412793979,0.018475840933106277,0.06009972018165825,0.12094387114310105
2018,Method2_PostMean,2,Q2,88,620175.31,0.03156515429361774,0.01991417382254746,0.09132381303679833,0.2850187487135874,0.07783177295654392
2018,Method2_PostMean,3,Q3,89,1646021.28,0.12357847629992928,0.09341126160093957,0.12859605432611546,0.4471899424571557,0.05828651343731714
2018,Method2_PostMean,4,Q4,88,2507493.52,0.23502222409827755,0.17274662416296468,0.2092646850789275,0.6937761998424953,0.0493243577516457
2018,Method2_PostMean,5,Q5,89,5710083.77,0.4472641887912296,0.34618237848788946,0.5757050562074606,0.8980965966233444,0.04165852350746519
2018,Method3_ProbQ5,1,Q1,89,876891.65,-0.5341796466875527,-0.7980549582156045,0.0006242650474388993,0.09396907044877795,0.06751869296452373
2018,Method3_ProbQ5,2,Q2,88,1062032.87,0.026911616050761186,-0.005414866171527862,0.04180018419164743,0.34313382032695866,0.0639377501250449
2018,Method3_ProbQ5,3,Q3,89,1277000.16,0.09829127843387261,0.08035384275720252,0.1412952143962858,0.4925200594910057,0.0786522107807795
2018,Method3_ProbQ5,4,Q4,88,2169372.83,0.20243282761929243,0.1384128985091517,0.2532022588870062,0.5936569520340039,0.08757704055233467
2018,Method3_ProbQ5,5,Q5,89,5775876.68,0.46147172575363565,0.33974321176237415,0.5863807623966919,0.8604293484815946,0.05063303718203277
2018,Method4_ProbMedian,1,Q1,89,764417.7,-0.5720704497576246,-0.8562746791222531,0.005648826502929985,0.0395346717451192,0.09499085032892422
2018,Method4_ProbMedian,2,Q2,88,559035.97,0.022751188686661216,0.0035713028987252493,0.07254815551972472,0.2909447966203296,0.08724045652477845
2018,Method4_ProbMedian,3,Q3,89,1949215.3599999999,0.12431174219121503,0.08937278311510254,0.16355669481028198,0.4616951809195659,0.0762897005300187
2018,Method4_ProbMedian,4,Q4,88,2798573.1,0.28489449019293894,0.18734424135164734,0.28193836870084643,0.6633381275855665,0.05966040389696084
2018,Method4_ProbMedian,5,Q5,89,5089932.06,0.3959206190164763,0.33167723895919143,0.5002789998475559,0.928393014943725,0.03008547841104865
2019,Method1_Raw,1,Q1,96,761932.21,-0.7451093500238531,-1.278225040843736,0.021055868936864137,0.06682620049067456,0.11586274418495467
2019,Method1_Raw,2,Q2,95,633585.57,0.02983277070914448,0.011641447341652816,0.10677664855296894,0.3187282818669211,0.06266410074550953
2019,Method1_Raw,3,Q3,96,1964346.03,0.11490663012280844,0.09466813536418107,0.15747328855497567,0.4732281940937655,0.06175287766114982
2019,Method1_Raw,4,Q4,95,1885187.73,0.22448135961465376,0.157996997395198,0.2560736971728819,0.6226917358869243,0.05055665289953645
2019,Method1_Raw,5,Q5,96,5659472.25,0.704592113341015,0.30051898659988724,0.49348972920988904,0.7319918716449001,0.07477461337327351
2019,Method2_PostMean,1,Q1,96,754082.4400000001,-0.7439814772020172,-1.279660807960375,0.02609118396055531,0.07318807287970994,0.12181332652059866
2019,Method2_PostMean,2,Q2,95,592613.5599999999,0.031697778364280074,0.012950694937249395,0.11179266139570801,0.31687331182829914,0.08063124011838299
2019,Method2_PostMean,3,Q3,96,1709254.3699999999,0.18081838608095555,0.08695726279013044,0.18328348384455662,0.452785089174788,0.0766847996877187
2019,Method2_PostMean,4,Q4,95,2123017.07,0.2266174044322289,0.13730902971652492,0.22713158473485143,0.5537832071814526,0.04730676754152043
2019,Method2_PostMean,5,Q5,96,5725556.35,0.6335931097182455,0.3288424847061216,0.4863210882877907,0.8160994831403515,0.03932815972552464
2019,Method3_ProbQ5,1,Q1,96,953607.6,-0.7059509491469607,-1.2110967676666309,0.003516299952638614,0.10872352115603552,0.07900890943885153
2019,Method3_ProbQ5,2,Q2,95,1000525.39,0.016353050086919955,-0.0253130469153292,0.07447704252805216,0.319335779790936,0.06719898655676765
2019,Method3_ProbQ5,3,Q3,96,1626973.2,0.11047870979242314,0.08903634417886537,0.18849629023765394,0.4922228815491699,0.056906469231454454
2019,Method3_ProbQ5,4,Q4,95,1601538.05,0.25371042565417984,0.11046461040781065,0.26488879113540115,0.5094003786164065,0.11672330702049662
2019,Method3_ProbQ5,5,Q5,96,5721879.55,0.6542763430586366,0.32262931417283863,0.5032461782398506,0.7826099326691115,0.04650979099114768
2019,Method4_ProbMedian,1,Q1,96,631346.64,-0.740066732245248,-1.2657304912090785,0.011769868915476586,0.05997272370925854,0.10134676388635323
2019,Method4_ProbMedian,2,Q2,95,774421.5599999999,0.026990281492999292,0.0015834597452131398,0.09446024049637772,0.3208099241165569,0.06685537383356319
2019,Method4_ProbMedian,3,Q3,96,1650340.58,0.17774877253921717,0.0842865600924284,0.21180229163926903,0.46204792628069064,0.10943806110403885
2019,Method4_ProbMedian,4,Q4,95,1970181.28,0.4030766421534259,0.13954842663251382,0.246945183813034,0.5495470126895018,0.05862919539456122
2019,Method4_ProbMedian,5,Q5,96,5878233.7299999995,0.46278531808715145,0.3266156272798657,0.4696682629653344,0.8203484567606382,0.0294693427248979
2020,Method1_Raw,1,Q1,101,734256.22,-2.4548421837079517,-3.802295199078263,0.29638610642118574,0.3314268875506582,0.11775941986430846
2020,Method1_Raw,2,Q2,100,870533.65,0.034021656101622146,-0.08439493297411654,0.3778137513595973,0.4399985213673802,0.07340479874193044
2020,Method1_Raw,3,Q3,100,2393906.0100000002,0.12145119990046654,-0.04740601644442032,0.39748607314847595,0.4585975327541349,0.06581877580116306
2020,Method1_Raw,4,Q4,100,3355800.19,0.22612402407376256,0.024666167373770632,0.42253423585979827,0.484402854951888,0.049091555434547886
2020,Method1_Raw,5,Q5,101,6431283.6,0.7489142258100454,0.17261297015922772,0.4847210653434776,0.5409375264876493,0.07288291332581465
2020,Method2_PostMean,1,Q1,101,758859.8400000001,-2.392138922643998,-3.8271853719291196,0.31042023285028336,0.33830198413094487,0.18459090025312852
2020,Method2_PostMean,2,Q2,100,1572332.29,0.21448927042724628,-0.1639106395087574,0.39856592106573274,0.4366689147894703,0.09001865521493413
2020,Method2_PostMean,3,Q3,100,2044865.81,0.12953679103193694,-0.05332762816683451,0.39867310594488603,0.44900423803791134,0.04577317367127078
2020,Method2_PostMean,4,Q4,100,1918597.88,0.17157393680245506,0.04089202490379379,0.39141353846307486,0.4660634265848745,0.03021161992695912
2020,Method2_PostMean,5,Q5,101,7491123.850000001,0.5535346101066987,0.2660293417497197,0.4797775279185165,0.5650152315520626,0.028142206367170193
2020,Method3_ProbQ5,1,Q1,101,1393549.16,-2.3815346762028944,-3.6877577937951096,0.26843974847938573,0.34212251330601995,0.055416825692071625
2020,Method3_ProbQ5,2,Q2,100,680546.48,-0.013305099212236176,-0.11697686974120199,0.3927981122667492,0.4416028179293269,0.06814762126540197
2020,Method3_ProbQ5,3,Q3,100,2021972.94,0.11674109247123829,-0.15200551396680656,0.40692643695948155,0.4458970475443318,0.1516227678923051
2020,Method3_ProbQ5,4,Q4,100,2819297.35,0.3506678338718443,-0.029164857721309802,0.41960246953748326,0.46762370124937486,0.06825994626949593
2020,Method3_ProbQ5,5,Q5,101,6870413.74,0.6038176618148939,0.24719681179147232,0.49138726645771075,0.5578412495940396,0.0364975813103667
2020,Method4_ProbMedian,1,Q1,101,828631.77,-2.4503529524572265,-3.786929970547591,0.2896927867392079,0.33023462417524113,0.11450341517114809
2020,Method4_ProbMedian,2,Q2,100,1495262.22,0.09340704894033987,-0.16951712206645578,0.39617467841694265,0.43781188175156316,0.12990217663077375
2020,Method4_ProbMedian,3,Q3,100,1373873.32,0.2491179997292481,-0.07393199849030348,0.3994135475833948,0.45026504629646646,0.06538632792599283
2020,Method4_ProbMedian,4,Q4,100,2822337.59,0.22080211409896117,0.026917632065124885,0.4116665790037544,0.4716236965932026,0.04025246437278513
2020,Method4_ProbMedian,5,Q5,101,7265674.7700000005,0.5644940215962526,0.26556131236802893,0.4820869150886037,0.5651973982117504,0.029380661630945
2021,Method1_Raw,1,Q1,105,1509951.46,-0.45550678134666406,-0.7808028591793972,0.0003946120132847022,0.0064286346461215485,0.12175989675323287
2021,Method1_Raw,2,Q2,105,1571833.5999999999,0.008825062322963668,-0.023244043836430563,0.012258157224121458,0.1417104095163084,0.0782976920491954
2021,Method1_Raw,3,Q3,105,3160100.95,0.10292708075744642,0.09258398894993494,0.05784430674444369,0.4874321231334962,0.05312758832416176
2021,Method1_Raw,4,Q4,105,3979455.77,0.20962666870047605,0.162482180216288,0.15530533327615587,0.7434249360067778,0.0519797361486574
2021,Method1_Raw,5,Q5,105,6983877.16,0.5183664357870792,0.3093186927799616,0.5146645244672556,0.8458067360446241,0.0765687336532323
2021,Method2_PostMean,1,Q1,105,1503200.85,-0.4549242192089283,-0.7838561350021357,0.0006730403285246225,0.00883142439336281,0.12840726847477438
2021,Method2_PostMean,2,Q2,105,1606804.13,0.00841579931889702,-0.020352326609242334,0.014926168288499147,0.14631383699087705,0.07459848477215858
2021,Method2_PostMean,3,Q3,105,2197885.19,0.14082633737977668,0.0858318499064594,0.08005429561013307,0.4384865176904109,0.09170571689299417
2021,Method2_PostMean,4,Q4,105,4409950.35,0.2254899196756902,0.1497171321985626,0.1333542752402722,0.6983600068027824,0.04955949350033939
2021,Method2_PostMean,5,Q5,105,7487378.42,0.46443062905586574,0.3289974384367128,0.5114591542578323,0.932811053469895,0.0374626832882132
2021,Method3_ProbQ5,1,Q1,105,2323181.79,-0.40548827580139407,-0.686759549417032,9.858481020588596e-07,0.06935606252490878,0.07620994778419868
2021,Method3_ProbQ5,2,Q2,105,1340199.8800000001,-0.016775764147783378,-0.08232899046469755,0.0033232824971581726,0.16799808753510584,0.08258350225323555
2021,Method3_ProbQ5,3,Q3,105,3427470.44,0.09344033568962806,0.07505523402304687,0.05328258070660273,0.4762246554243704,0.07581925908767669
2021,Method3_ProbQ5,4,Q4,105,2717626.39,0.22796895623523858,0.13016329177340014,0.15603669050489727,0.6129225286611585,0.10121358442870741
2021,Method3_ProbQ5,5,Q5,105,7396740.4399999995,0.4850932142456121,0.3242079730156395,0.5278233941685011,0.8983015052017848,0.04590735337466142
2021,Method4_ProbMedian,1,Q1,105,1536387.57,-0.4512519099613753,-0.7683869513904249,0.0001286159929686223,0.0042453672938997265,0.11002522193403809
2021,Method4_ProbMedian,2,Q2,105,1765852.3,0.005812428150887512,-0.033572539222531346,0.009534455502604608,0.1371640193595202,0.0860733454803049
2021,Method4_ProbMedian,3,Q3,105,2168844.34,0.14438457450585407,0.08384350852688396,0.09093815627046994,0.45169648672432416,0.10135324652828152
2021,Method4_ProbMedian,4,Q4,105,3935505.27,0.2534847885079059,0.15359388388462772,0.15831216252624503,0.6826077364898442,0.0533059207973008
2021,Method4_ProbMedian,5,Q5,105,7798629.46,0.4318085850180291,0.3248600571318014,0.4815535434329732,0.9490892294797398,0.03097591218855441
2022,Method1_Raw,1,Q1,108,1691604.17,-0.60013377506304,-1.2634864371169616,0.0,0.0,0.12612536730458787
2022,Method1_Raw,2,Q2,108,1432353.81,0.024550074564751688,-0.014361920792089679,0.0,0.0,0.07666641290676791
2022,Method1_Raw,3,Q3,108,2737845.65,0.12100240933380489,0.06321913572318166,0.0,0.0,0.06032695597681871
2022,Method1_Raw,4,Q4,108,6304837.95,0.2268470550316903,0.06321910903304793,0.0,0.0,0.0458845633322098
2022,Method1_Raw,5,Q5,108,8717844.8,0.5438293846263774,0.06321919839679412,0.0,0.0,0.08040200172154156
2022,Method2_PostMean,1,Q1,108,1691604.17,-0.60013377506304,-1.2634864371169616,0.0,0.0,0.12612536730458787
2022,Method2_PostMean,2,Q2,108,1309150.52,0.03992999482256437,-0.014361920859516793,0.0,0.0,0.09650268589275122
2022,Method2_PostMean,3,Q3,108,3392988.81,0.17980038582187158,0.06321903652842126,0.0,0.0,0.0931556000311018
2022,Method2_PostMean,4,Q4,108,3376463.79,0.2837358585815221,0.06321906646581867,0.0,0.0,0.0477522203289162
2022,Method2_PostMean,5,Q5,108,11114279.09,0.41276268433066626,0.06321934022621091,0.0,0.0,0.025869427684568777
2022,Method3_ProbQ5,1,Q1,108,4910944.64,0.08132926789638086,-0.13310580065332933,0.0,0.0,0.0856888498421392
2022,Method3_ProbQ5,2,Q2,108,4081575.19,0.07775370272992917,-0.2356478147831646,0.0,0.0,0.08226416782652154
2022,Method3_ProbQ5,3,Q3,108,3395769.25,0.12415551065536483,-0.1301456667604564,0.0,0.0,0.07870022083157668
2022,Method3_ProbQ5,4,Q4,108,4836811.63,0.025492634351427276,-0.28478174638265524,0.0,0.0,0.07535670568831794
2022,Method3_ProbQ5,5,Q5,108,3659385.67,0.007364032860482152,-0.3045098861764221,0.0,0.0,0.06739535705337046
2022,Method4_ProbMedian,1,Q1,108,4910944.64,0.08132926789638086,-0.13310580065332933,0.0,0.0,0.0856888498421392
2022,Method4_ProbMedian,2,Q2,108,4081575.19,0.07775370272992917,-0.2356478147831646,0.0,0.0,0.08226416782652154
2022,Method4_ProbMedian,3,Q3,108,3395769.25,0.12415551065536483,-0.1301456667604564,0.0,0.0,0.07870022083157668
2022,Method4_ProbMedian,4,Q4,108,4836811.63,0.025492634351427276,-0.28478174638265524,0.0,0.0,0.07535670568831794
2022,Method4_ProbMedian,5,Q5,108,3659385.67,0.007364032860482152,-0.3045098861764221,0.0,0.0,0.06739535705337046
2023,Method1_Raw,1,Q1,114,1351885.16,-1.9242970802328778,-3.758421285749113,0.0,0.0,0.12552643948135592
2023,Method1_Raw,2,Q2,113,1019484.96,0.027692026558140508,-0.20125305113664166,0.0,0.0,0.0649898870538385
2023,Method1_Raw,3,Q3,114,1795873.82,0.1227669942545242,-0.20125305020111744,0.0,0.0,0.05587239760291725
2023,Method1_Raw,4,Q4,113,4021310.58,0.22436718567223224,-0.2012530507476424,0.0,0.0,0.05779915638751597
2023,Method1_Raw,5,Q5,114,10871785.1,0.5489474112506909,-0.20125305070149194,0.0,0.0,0.07621830279675224
2023,Method2_PostMean,1,Q1,114,1394068.6,-1.8634728481445662,-3.7584212858438577,0.0,0.0,0.19145532183344283
2023,Method2_PostMean,2,Q2,113,1513529.99,0.1618608325868201,-0.20125305254936027,0.0,0.0,0.08720692134050988
2023,Method2_PostMean,3,Q3,114,2254833.44,0.2092391473154857,-0.2012530521954847,0.0,0.0,0.050153751793365973
2023,Method2_PostMean,4,Q4,113,6512140.1,0.2308534412328128,-0.2012530514638835,0.0,0.0,0.03273258671707814
2023,Method2_PostMean,5,Q5,114,7385767.49,0.2622297808418879,-0.20125304650209538,0.0,0.0,0.01883260571356405
2023,Method3_ProbQ5,1,Q1,114,5042838.3,0.09953331773813003,-0.2733485806802277,0.0,0.0,0.07651464196368987
2023,Method3_ProbQ5,2,Q2,113,3663384.82,-1.3831532347593734,-3.3626520241097273,0.0,0.0,0.07568167606992003
2023,Method3_ProbQ5,3,Q3,114,3006877.9699999997,0.10525128509561246,-0.2940900859569891,0.0,0.0,0.07310082657821425
2023,Method3_ProbQ5,4,Q4,113,4435345.73,0.07232919247346552,-0.38864281673419465,0.0,0.0,0.08619165727399537
2023,Method3_ProbQ5,5,Q5,114,2911892.8,0.0918064747222763,-0.274075320870303,0.0,0.0,0.0692602260848284
2023,Method4_ProbMedian,1,Q1,114,5042838.3,0.09953331773813003,-0.2733485806802277,0.0,0.0,0.07651464196368987
2023,Method4_ProbMedian,2,Q2,113,3663384.82,-1.3831532347593734,-3.3626520241097273,0.0,0.0,0.07568167606992003
2023,Method4_ProbMedian,3,Q3,114,3006877.9699999997,0.10525128509561246,-0.2940900859569891,0.0,0.0,0.07310082657821425
2023,Method4_ProbMedian,4,Q4,113,4435345.73,0.07232919247346552,-0.38864281673419465,0.0,0.0,0.08619165727399537
2023,Method4_ProbMedian,5,Q5,114,2911892.8,0.0918064747222763,-0.274075320870303,0.0,0.0,0.0692602260848284
2024,Method1_Raw,1,Q1,118,1821856.9500000002,-0.5156503984887608,-1.1926550795592894,0.0,0.0,0.11694602636505265
2024,Method1_Raw,2,Q2,117,1171976.09,0.02293229413548424,-0.11548969239719767,0.0,0.0,0.06439320606534474
2024,Method1_Raw,3,Q3,117,2066311.44,0.10469112621962803,0.04802796534172351,0.0,0.19658119658119658,0.048296337590424836
2024,Method1_Raw,4,Q4,117,4133771.6,0.2169591369198329,0.16065645531914627,0.0,1.0,0.05436085543526755
2024,Method1_Raw,5,Q5,118,13579083.290000001,0.9766572804496575,0.1613543126264521,0.0,1.0,0.08695623756371043
2024,Method2_PostMean,1,Q1,118,1821856.9500000002,-0.5156503984887608,-1.1926550795592894,0.0,0.0,0.11694602636505265
2024,Method2_PostMean,2,Q2,117,1171976.09,0.02293229413548424,-0.11548969239719767,0.0,0.0,0.06439320606534474
2024,Method2_PostMean,3,Q3,117,2066311.44,0.10469112621962803,0.04802796534172351,0.0,0.19658119658119658,0.048296337590424836
2024,Method2_PostMean,4,Q4,117,3019224.04,0.3259393759690786,0.16065645179096683,0.0,1.0,0.10377522593082081
2024,Method2_PostMean,5,Q5,118,14693630.85,0.8686006027482865,0.16135431612473175,0.0,1.0,0.03796063291981441
2024,Method3_ProbQ5,1,Q1,118,6050220.57,0.08102739134721211,-0.14420474824212745,0.0,0.4152542372881356,0.07539034474839583
2024,Method3_ProbQ5,2,Q2,117,3998784.43,-0.006421186386787628,-0.4005296523956393,0.0,0.452991452991453,0.07661225748171252
2024,Method3_ProbQ5,3,Q3,117,2634606.64,0.43763219724805386,-0.10201186573384727,0.0,0.47863247863247865,0.07346534684417388
2024,Method3_ProbQ5,4,Q4,117,6642860.95,0.1939033695733647,-0.19275690779694016,0.0,0.4188034188034188,0.0808080765721178
2024,Method3_ProbQ5,5,Q5,118,3446526.7800000003,0.10182505578586051,-0.10528500987510334,0.0,0.4322033898305085,0.06521761433786599
2024,Method4_ProbMedian,1,Q1,118,1690036.83,-0.19760317625366475,-0.5565606368786448,0.0,0.0,0.07652635843706145
2024,Method4_ProbMedian,2,Q2,117,1344368.77,-0.1645637206587938,-0.4904817219411723,0.0,0.0,0.08353280495673426
2024,Method4_ProbMedian,3,Q3,117,5718908.57,0.013565070356366843,-0.21251647378623023,0.0,0.19658119658119658,0.0738262422164555
2024,Method4_ProbMedian,4,Q4,117,5329111.87,0.4002306914661185,0.1577427054581638,0.0,1.0,0.07764348771614998
2024,Method4_ProbMedian,5,Q5,118,8690573.33,0.7531525191045333,0.15829949340640545,0.0,1.0,0.05999963525101173
2025,Method1_Raw,1,Q1,123,1767991.04,-0.49876354375680615,-1.088815624992464,0.0,0.0,0.12635418107763802
2025,Method1_Raw,2,Q2,122,1006981.32,0.015455320128907227,-0.06037790652810682,0.0,0.0,0.060055285664713444
2025,Method1_Raw,3,Q3,122,2434231.5,0.09164643811321063,0.06804772955064252,0.0,0.49193594241833205,0.05699547507582055
2025,Method1_Raw,4,Q4,122,4513926.01,0.1923643645515195,0.0912886283924757,0.0,0.9999999999996643,0.04625336174791014
2025,Method1_Raw,5,Q5,123,14087666.8,0.6559484556169376,0.09128910064416565,0.0,0.9999999999996682,0.0781538370080134
2025,Method2_PostMean,1,Q1,123,1767991.04,-0.49876354375680615,-1.088815624992464,0.0,0.0,0.12635418107763802
2025,Method2_PostMean,2,Q2,122,1006981.32,0.015455320128907227,-0.06037790652810682,0.0,0.0,0.060055285664713444
2025,Method2_PostMean,3,Q3,122,2433717.65,0.144742026042983,0.06804772324481079,0.0,0.4919359424183319,0.10175302880797327
2025,Method2_PostMean,4,Q4,122,4220013.81,0.31131900390514056,0.09128859827537099,0.0,0.9999999999996636,0.052719221753594614
2025,Method2_PostMean,5,Q5,123,14382092.85,0.4852970106691815,0.09128913677098069,0.0,0.9999999999996692,0.027346873788370002
2025,Method3_ProbQ5,1,Q1,123,6733077.36,0.0677818888930903,-0.10417876262455221,0.0,0.5528455284550992,0.06740751699635913
2025,Method3_ProbQ5,2,Q2,122,4050603.09,0.135926699699096,-0.08536707655264053,0.0,0.4919359424189509,0.07458935169355858
2025,Method3_ProbQ5,3,Q3,122,2875428.71,-0.06929470641388956,-0.4691881711709421,0.0,0.49180327868774115,0.07723144367720787
2025,Method3_ProbQ5,4,Q4,122,6629005.279999999,0.20054810023015085,-0.15927365208870228,0.0,0.4999999999998327,0.07528809613242148
2025,Method3_ProbQ5,5,Q5,123,3522682.23,0.12142656420240841,-0.08716843774220029,0.0,0.4552845528453784,0.07381447003401795
2025,Method4_ProbMedian,1,Q1,123,1988758.72,-0.14081904695763905,-0.3729266489264213,0.0,0.0,0.07813499241505784
2025,Method4_ProbMedian,2,Q2,122,1437407.08,-0.27201998032142793,-0.6353284955738874,0.0,0.0,0.09149447141466918
2025,Method4_ProbMedian,3,Q3,122,1728339.72,0.06532401237076696,-0.07875860600347806,0.0,0.4919359424183319,0.10573643147848934
2025,Method4_ProbMedian,4,Q4,122,4252681.91,0.3165621445406043,0.09128859810093055,0.0,0.9999999999996636,0.06584752474891248
2025,Method4_ProbMedian,5,Q5,123,14403609.24,0.48606244204419885,0.09128913674687446,0.0,0.9999999999996692,0.02740989372959786
